[
	{
		"data": [
			{
				"text": "hello",
				"userDefined": false
			}
		],
		"isTemplate": false,
		"count": 0
	},
	{
		"data": [
			{
				"text": "say hello",
				"userDefined": false
			}
		],
		"isTemplate": false,
		"count": 0
	},
	{
		"data": [
			{
				"text": "say hello maps",
				"userDefined": false
			}
		],
		"isTemplate": false,
		"count": 0
	},
	{
		"data": [
			{
				"text": "maps",
				"userDefined": false
			}
		],
		"isTemplate": false,
		"count": 0
	},
	{
		"data": [
			{
				"text": "open maps",
				"userDefined": false
			}
		],
		"isTemplate": false,
		"count": 0
	}
]